size,passing
0.0899944,0.0
0.125311,0.0278481
0.249291,0.736788
0.399209,1.0
